연번,교육대상,콘텐츠상세대상자,교육주제,제목,개발연도
1,유아,유아,가족친밀성,유아를 위한 고정관념 깨기 [사례편] - 다양한 가족을 상상해봐요,2021
2,유아,유아,가족친밀성,"유아를 위한 성평등 교육 수업안내서 - 자기돌봄 배우기: ""제 옷은 제가 정리할게요!""",2021
3,초등(저),초등(저),가족친밀성,"[선생님이 읽어주는 양성평등 교육] 함께 말해요, 삐약! 니양!",2021
4,교사양육자,교사양육자,교육학교,초/중등 교사를 위한 양성평등 교육 콘텐츠 활용 가이드 7문 7답 ,2021
5,중고등학생,중고등학생,교육학교,중등 교사를 위한 성평등 교육 안내서 - 성평등하고 안전한 교실을 만드는 수업 준비 가이드,2021
6,중고등학생,중고등학생,교육학교,중등 교사를 위한 성평등 교육 안내서 - 성평등하고 안전한 교실을 만드는 창의적 체험활동,2021
7,중고등학생,중고등학생,교육학교,중등 교사를 위한 성평등 교육 안내서 - 성인지 감수성을 높이는 월드카페 독서 토론,2021
8,초등(저),초등(저),교육학교,초등 성평등 교육을 위한 온작품읽기 수업안내서 - 『제비꽃 마을의 사계절』 함께 읽기,2021
9,초등(저),초등(저),교육학교,"[성평등 교육 수업꾸러미 - 영상] 어느 날, 이모가 사라졌다!",2021
10,초등(저),초등(저),교육학교,"[성평등 교육 수업꾸러미 - 교안] 어디어디 숨었나, 숨겨진 직업 찾기 ",2021
11,초중등,초중등,교육학교,"[청소년, 성평등 쓰고 그리다] 차별의 턱을 없애주는 경사로, 성평등",2021
12,초중등,초중등,교육학교,"[청소년, 성평등 쓰고 그리다] 성평등은 과학을 자유롭게 한다",2021
13,초중등,초중등,교육학교,"[청소년, 성평등 쓰고 그리다] 엉뚱한 상상으로 세상을 아름답게",2021
14,초중등,초중등,교육학교,"[청소년, 성평등 쓰고 그리다] 여덟 색깔 무지개로 함께 빛나요",2021
15,초중등,초중등,교육학교,"[청소년, 성평등 쓰고 그리다] 성평등은 나와 우리의 이야기",2021
16,고등학생,고등학생,노동경제,알고 시작하는 알바 1,2021
17,고등학생,고등학생,노동경제,알고 시작하는 알바 2,2021
18,초등(고),초등(고),미디어,[성평등 교육 수업꾸러미 - 영상] 초등 뉴스 비평(1차시) - 뉴스란 무엇일까요,2021
19,초등(고),초등(고),미디어,[성평등 교육 수업꾸러미 - 영상] 초등 뉴스 비평(2차시) - 무엇이 뉴스가 될까요,2021
20,초등(고),초등(고),미디어,[성평등 교육 수업꾸러미 - 영상] 초등 뉴스 비평(3차시) - 뉴스는 사실만을 전할까요,2021
21,초등(고),초등(고),미디어,[성평등 교육 수업꾸러미 - 영상] 초등 뉴스 비평(4차시) - 뉴스는 사실을 어떻게 전해야 할요,2021
22,초등(고),초등(고),미디어,[성평등 교육 수업꾸러미 - 교안] 초등 뉴스 비평(1차시) - 뉴스란 무엇일까요,2021
23,초등(고),초등(고),미디어,[성평등 교육 수업꾸러미 - 교안] 초등 뉴스 비평(2차시) - 무엇이 뉴스가 될까요,2021
24,초등(고),초등(고),미디어,[성평등 교육 수업꾸러미 - 교안] 초등 뉴스 비평(3차시) - 뉴스는 사실만을 전할까요,2021
25,초등(고),초등(고),미디어,[성평등 교육 수업꾸러미 - 교안] 초등 뉴스 비평(4차시) - 뉴스는 사실을 어떻게 전해야 할까요,2021
26,유아,유아,시민성,유아를 위한 고정관념 깨기 [사례편] - 동물의 습성에 대해 알아봐요,2021
27,유아,유아,시민성,유아를 위한 성평등 교육 수업안내서 - 나랑 간지럼 놀이할래,2021
28,중고등학생,중고등학생,시민성,특권과 사회적 차별,2021
29,중고등학생,중고등학생,시민성,차이의 발견,2021
30,중학생,중학생,시민성,선생님과 함께 보는 중등 온작품읽기 추천도서 - 서로 다른 우리가 소통하는 방법,2021
31,초등(고),초등(고),시민성,[선생님이 읽어주는 양성평등 교육] 통계로 보는 우리 사회 대표성,2021
32,초등(고),초등(고),시민성,[선생님이 읽어주는 양성평등 교육] 옛이야기 다시 쓰기(1차시) - 서동요,2021
33,초등(저),초등(저),시민성,"행복한 나, 너, 우리 - 교실 규칙 만들기",2021
34,초등(중),초등(중),시민성,초등 성평등 교육을 위한 온작품읽기 수업안내서 - 『닭인지 아닌지 생각하는 고기오』 함께 읽기,2021
35,유아,유아,자아정체성,유아를 위한 고정관념 깨기 [기본편] - 원숭이 엉덩이는 빨개,2021
36,중학생,중학생,자아정체성,"선생님과 함께 보는 중등 온작품읽기 추천도서 - 고정관념을 넘어, 내 색깔 찾기",2021
37,초등(고),초등(고),자아정체성,[선생님이 읽어주는 양성평등 교육] 몸은 몸이다(1차시) - 몸은 그냥 몸이다,2021
38,초등(고),초등(고),자아정체성,[선생님이 읽어주는 양성평등 교육] 몸은 몸이다(2차시) - 몸에 대한 기준은 어디에서 왔을까,2021
39,초등(고),초등(고),자아정체성,[선생님이 읽어주는 양성평등 교육] 몸은 몸이다(3차시) - 몸은 평가의 대상이 아니다,2021
40,초등(고),초등(고),자아정체성,[선생님이 읽어주는 양성평등 교육] 옛이야기 다시 쓰기(2차시) - 평강공주와 바보 온달,2021
41,초등(고),초등(고),자아정체성,[선생님이 읽어주는 양성평등 교육] 옛이야기 다시 쓰기(3차시) - 백설공주,2021
42,초등(고),초등(고),자아정체성,"초등 성평등 교육을 위한 온작품읽기 수업안내서 - 『물이, 길 떠나는 아이』 함께 읽기",2021
43,초등(고),초등(고),자아정체성,초등 성평등 교육을 위한 온작품읽기 수업안내서 - 『스플래시』 함께 읽기,2021
44,초등(저),초등(저),자아정체성,나의 옷 분류하기,2021
45,초등(저),초등(저),자아정체성,"초등 성평등 교육을 위한 온작품읽기 수업안내서 - 『여자 놀이, 남자 놀이 우리 같이 놀자』 함께 읽기",2021
46,초등(중),초등(중),자아정체성,초등 성평등 교육을 위한 온작품읽기 수업안내서 - 『조막만 한 조막이』 함께 읽기,2021
47,아동청소년,대학생,시민성,이달의 젠더뷰(7월) : 2021년 상반기 젠더이슈 모아보기,2021
48,아동청소년,대학생,시민성,이달의 젠더뷰(12월) : 2022년 하반기 젠더이슈 모아보기,2021
49,아동청소년,영유아,가족친밀성,"이런 가족, 저런 가족 다양한 가족이 있어요",2021
50,직무현장,지역주민,가족친밀성,[양성평등 정책 소개 카드뉴스 #1] 양육비 이행강화법,2021
51,직무현장,지역주민,가족친밀성,"[양성평등 이슈PICK 카드뉴스 #1] 혼자 사는 '우리', 1인 가구",2021
52,직무현장,지역주민,가족친밀성,이달의 젠더뷰(3월) : 변호사가 알려주는 양육비 이행법 개정,2021
53,직무현장,양육자,가족친밀성,이달의 젠더뷰(11월) : 육아하는 아빠가 말하는 '아빠육아',2021
54,직무현장,과학기술,가족친밀성,변신원 교수 - AI시대 성인지 감수성,2021
55,직무현장,지역주민,가족친밀성,모두의 안전한 집을 위해 '1인 가구',2021
56,직무현장,지역주민,교육학교,"박홍규 강사 - 새로운 변화, 전에는 보이지 않았던 것들 1부",2021
57,직무현장,지역주민,교육학교,"박홍규 강사 - 새로운 변화, 전에는 보이지 않았던 것들 2부",2021
58,직무현장,양육자,교육학교,이다도시 교수 - 유럽과 한국의 성평등 차이 1부,2021
59,직무현장,양육자,교육학교,이다도시 교수 - 유럽과 한국의 성평등 차이 2부,2021
60,직무현장,지역주민,교육학교,전길양 교수 - 우리의 시간 사용 이야기,2021
61,아동청소년,대학생,노동경제,[양성평등 정책 소개 카드뉴스 #4] 성인지 예산이란,2021
62,아동청소년,대학생,노동경제,"[양성평등 정책 소개 영상] 성평등을 위한 실천적 제도, 성인지 예산",2021
63,아동청소년,대학생,노동경제,"[청년 공감 웹툰 #1] 행복하자, 아프지 말고",2021
64,직무현장,민간기업,노동경제,이달의 젠더뷰(4월) : 2021년의 채용 성차별 이야기,2021
65,직무현장,양육자,노동경제,이달의 젠더뷰(5월) : 코로나 시대의 일과 돌봄,2021
66,직무현장,보건복지,노동경제,"이달의 젠더뷰(6월) : 방역의 역사, 여성의 기록",2021
67,직무현장,이주민,노동경제,북한 이주민 특집(4) 여성새로일하기센터 소개 및 사례 등,2021
68,직무현장,지역주민,노동경제,최인숙 교수 - 우리 마을의 게이트 키퍼는,2021
69,직무현장,민간기업,노동경제,[성평등 노동 특집] 물리치료사 이야기,2021
70,직무현장,민간기업,노동경제,[성평등 노동 특집] 남성 네일 아티스트의 이야기,2021
71,직무현장,민간기업,노동경제,[성평등 노동 특집] 여성 라이더의 이야기,2021
72,직무현장,민간기업,노동경제,[성평등 노동 특집] 여성 농민의 이야기,2021
73,직무현장,민간기업,노동경제,[성평등 노동 특집] 여성 제조업자의 이야기,2021
74,아동청소년,고등학생,미디어,[그림 읽어주는 시간] 안경을 쓴 자화상,2021
75,아동청소년,고등학생,미디어,[그림 읽어주는 시간] 기이한 모습의 늙은 여인을 그린 이유는,2021
76,아동청소년,대학생,미디어,제5회 2021 성평등콘텐츠대상 정기 공모전 홍보 영상,2021
77,아동청소년,대학생,미디어,[정켈x양평원] 젠더온 소개 웹툰,2021
78,아동청소년,대학생,미디어,청년들의 공정성 담론 (1) 승진에서 중요한 건,2021
79,아동청소년,대학생,미디어,청년들의 공정성 담론 (2) 입시에서 중요한 건,2021
80,아동청소년,고등학생,미디어,최지은 작가 - 걸그룹 아이돌을 향한 우리들의 시선 1부,2021
81,아동청소년,고등학생,미디어,최지은 작가 - 걸그룹 아이돌을 향한 우리들의 시선 2부,2021
82,직무현장,지역주민,미디어,"[양성평등 사업 홍보 카드뉴스 #2] 언제 어디서나, 성평등을 ON!, 젠더온을 소개합니다!",2021
83,직무현장,민간기업,미디어,"[양성평등 사업 홍보 카드뉴스 #1] 13만 여성인재가 한 자리에, 여성인재 DB",2021
84,직무현장,지역주민,미디어,[양성평등 정책 소개 카드뉴스 #3] '폭력 없는 사회'를 위한 여성폭력 추방주간,2021
85,직무현장,문화예술체육,미디어,이달의 젠더뷰(8월) : 성평등 가치와 올림픽의 변화,2021
86,직무현장,지역주민,미디어,"[양성평등주간 기념 소개 영상] 대한민국 최초의 여권선언문, 여권통문",2021
87,직무현장,지역주민,미디어,"[젠더온 2주년 기념 소개 영상] 언제나 어디서나, 성평등을 ON, 젠더온",2021
88,직무현장,지역주민,미디어,"[양성평등주간 기념 소개 영상] 양성평등을 위한 법정기념주간, 양성평등주간",2021
89,직무현장,민간기업,미디어,최인숙 교수 - ESG의 가치 'G'에 주목하라,2021
90,직무현장,지역주민,미디어,[오늘의 책] 이유리 ‘캔버스를 찢고 나온 여자들’ & 정세랑 ‘시선으로부터',2021
91,직무현장,지역주민,미디어,[오늘의 책] 최은 ‘제인 오스틴 무비클럽’ & 버지니아 울프 ‘자기만의 방’,2021
92,직무현장,지역주민,미디어,"[오늘의 책] 박정훈 '이만하면 괜찮은 남자는 없다' & 장영은 '여성, 정치를 하다'",2021
93,직무현장,지역주민,미디어,[오늘의 책] 토니 포터 '맨박스'& 벨 훅스 '모두를 위한 페미니즘',2021
94,직무현장,지역주민,미디어,"[오늘의 책] 김원영 ‘실격당한 자들을 위한 변론’ & 김영옥, 이지은, 전희경 ‘새벽 세 시의 몸들에게'",2021
95,직무현장,지역주민,미디어,[안내] 공공저작물 자유이용정책에 따른 젠더온 콘텐츠 활용 가이드,2021
96,직무현장,문화예술체육,미디어,AI분석으로 본 한국 영화 속 성차별,2021
97,직무현장,문화예술체육,미디어,AI분석으로 본 한국 영화 속 성차별(화면해설),2021
98,직무현장,문화예술체육,미디어,AI분석으로 본 한국 영화 속 성차별(베트남어),2021
99,아동청소년,대학생,시민성,[그때의 여성들 5편] 해외 여성 참정권의 역사,2021
100,아동청소년,대학생,시민성,[그때의 여성들 6편] 국내 여성 대표성의 변화,2021
101,아동청소년,대학생,시민성,[양성평등 이슈PICK 카드뉴스 #2] '장애'에서의 '여성' 왜 중요할까요,2021
102,아동청소년,대학생,시민성,[영상으로 만나는 그때의 여성들] 해외 여성 참정권의 역사,2021
103,아동청소년,대학생,시민성,[영상으로 만나는 그때의 여성들] 국내 여성 대표성의 변화,2021
104,아동청소년,대학생,시민성,[청년 공감 웹툰 #2] 제 생각은 다릅니다만,2021
105,직무현장,이주민,시민성,[아시아는 지금 #1] 글로벌 성평등 이슈,2021
106,직무현장,이주민,시민성,[아시아는 지금 #2] 기후위기와 성평등,2021
107,직무현장,이주민,시민성,[아시아는 지금 #3] 다문화가족과 성평등,2021
108,직무현장,이주민,시민성,[아시아는 지금 #4] 디지털성폭력과 성평등,2021
109,직무현장,이주민,시민성,이달의 젠더뷰(9월) : 탈레반의 아프간에서 여성 인권은,2021
110,직무현장,이주민,시민성,[북한 이주민 특집 카드뉴스 #1] 북한이탈주민과 양성평등교육,2021
111,직무현장,이주민,시민성,[북한 이주민 특집 카드뉴스 #2] 북한이탈주민을 위한 동료상담원 교육,2021
112,직무현장,이주민,시민성,[북한 이주민 특집 카드뉴스 #3] 북한이탈여성 상담 및 심리치유센터,2021
113,직무현장,지역주민,시민성,"[세계여성의 날 기념 소개 영상] 시대의 진화, 테마의 변화 '세계 여성의 날'",2021
114,직무현장,지역주민,시민성,"이주민, 우리가 선택할 시선",2021
115,아동청소년,초등 고,자아정체성,왜 나는 내 모습이 마음에 안 들까,2021
116,아동청소년,영유아,자아정체성,나다운 나대로 함께 살아요,2021
117,아동청소년,영유아,자아정체성,"여러 가지 기분, 다 괜찮아요",2021
118,아동청소년,영유아,자아정체성,"서로 달라도, 서로 함께",2021
119,아동청소년,대학생,자아정체성,청년들의 공정성 담론 (3) 취업에서 중요한 건,2021
120,직무현장,지역주민,자아정체성,[양성평등 정책 소개 카드뉴스 #2] '온라인 그루밍' 처벌법,2021
121,직무현장,지역주민,자아정체성,[양성평등 사업 홍보 카드뉴스 #3] 아동/청소년 대상 성범죄자 재범방지교육,2021
122,직무현장,지역주민,자아정체성,아동·청소년 대상 성범죄자 재범방지 교육 ‘새날 프로그램’ 사례 소개 (비공개),2021
123,직무현장,문화예술체육,자아정체성,이달의 젠더뷰(10월) : 요즘 예능 속 새로운 여성들,2021
124,직무현장,지역주민,자아정체성,[양성평등 정책 소개 영상] 더 이상의 N번방은 없다 '온라인 그루밍 처벌법',2021
125,직무현장,지역주민,자아정체성,[여성폭력추방주간 기념 소개 영상] 폭력 없는 사회를 위한 '여성폭력추방주간',2021
126,직무현장,양육자,자아정체성,혼자서 살아갈 수 있을까 - ‘보호종료아동’,2021
127,직무현장,지역주민,자아정체성,"장애 차별, 지금 필요한 경사로",2021
128,직무현장,지역주민,자아정체성,"전길양 교수 - 젠더, 돌봄, 노년",2021
129,아동청소년,대학생,시민성,[영상으로 만나는 그때의 여성들] 해외 여성 참정권의 역사 (화면해설),2021
130,직무현장,지역주민,자아정체성,"장애 차별, 지금 필요한 경사로 (화면해설)",2021
131,직무현장,지역주민,시민성,"이주민, 우리가 선택할 시선 (화면해설)",2021
132,직무현장,양육자,자아정체성,혼자서 살아갈 수 있을까 - ‘보호종료아동’ (화면해설),2021
133,직무현장,지역주민,가족친밀성,모두의 안전한 집을 위해 '1인 가구' (화면해설),2021
134,직무현장,민간기업,노동경제,[성평등 노동 특집] 물리치료사 이야기 (화면해설),2021
135,직무현장,민간기업,노동경제,[성평등 노동 특집] 남성 네일 아티스트의 이야기 (화면해설),2021
136,직무현장,민간기업,노동경제,[성평등 노동 특집] 여성 라이더의 이야기 (화면해설),2021
137,직무현장,민간기업,노동경제,[성평등 노동 특집] 여성 농민의 이야기 (화면해설),2021
138,직무현장,민간기업,노동경제,[성평등 노동 특집] 여성 제조업자의 이야기 (화면해설),2021
139,직무현장,과학기술,가족친밀성,변신원 교수 - AI시대 성인지 감수성 (베트남어),2021
140,직무현장,민간기업,미디어,최인숙 교수 - ESG의 가치 'G'에 주목하라 (베트남어),2021
141,직무현장,지역주민,교육학교,전길양 교수 - 우리의 시간 사용 이야기 (베트남어),2021
142,직무현장,지역주민,노동경제,최인숙 교수 - 우리 마을의 게이트 키퍼는 (베트남어),2021
143,직무현장,지역주민,자아정체성,"전길양 교수 - 젠더, 돌봄, 노년 (베트남어)",2021
144,직무현장,지역주민,시민성,"[세계여성의 날 기념 소개 영상] 시대의 진화, 테마의 변화 '세계 여성의 날' (베트남어)",2021
145,직무현장,민간기업,노동경제,[성평등 노동 특집] 물리치료사 이야기 (베트남어),2021
146,직무현장,민간기업,노동경제,[성평등 노동 특집] 남성 네일 아티스트의 이야기 (베트남어),2021
147,직무현장,민간기업,노동경제,[성평등 노동 특집] 여성 라이더의 이야기 (베트남어),2021
148,직무현장,민간기업,노동경제,[성평등 노동 특집] 여성 농민의 이야기 (베트남어),2021
149,직무현장,민간기업,노동경제,[성평등 노동 특집] 여성 제조업자의 이야기 (베트남어),2021
150,"아동,청소년",중고등학교,시민성,중고등 대상 성폭력 예방교육 동영상,2021
151,"아동,청소년",중고등학교,시민성,중고등 대상 성매매 예방교육 동영상,2021
152,"아동,청소년",중학교,가족 · 친밀성,중고등 대상 가정폭력 예방교육 동영상,2021
153,"아동,청소년",초등(저),미디어,슬기로운 미디어생활 ,2021
154,"아동,청소년",초등(저),미디어,슬기로운 미디어생활 ,2021
155,"아동,청소년",초등(고),미디어,슬기로운 미디어생활 ,2021
156,"아동,청소년",초등(고),미디어,슬기로운 미디어생활 ,2021
157,"아동,청소년",중학교,미디어,슬기로운 미디어생활 ,2021
158,"아동,청소년",중학교,미디어,슬기로운 미디어생활 ,2021
159,"아동,청소년",중학교,미디어,슬기로운 미디어생활 ,2021
160,"아동,청소년",중학교,미디어,슬기로운 미디어생활 ,2021
161,"아동,청소년",고등학교,미디어,슬기로운 미디어생활 ,2021
162,"아동,청소년",고등학교,미디어,슬기로운 미디어생활 ,2021
163,"아동,청소년",고등학교,미디어,슬기로운 미디어생활 ,2021
164,"아동,청소년",고등학교,미디어,슬기로운 미디어생활 ,2021
165,"아동,청소년",초등(저),교육 · 학교,웰컴 투 디지털 월드 1,2021
166,"아동,청소년",초등(저),교육 · 학교,"함께 하는 생활 - 나답게, 너와 같이, 우리 모두 함께 학습지도안",2021
167,"아동,청소년",초등(저),교육 · 학교,"함께 하는 생활 - 나답게, 너와 같이, 우리 모두 함께 워크북",2021
168,"아동,청소년",초등(저),교육 · 학교,"함께 하는 생활 - 나답게, 너와 같이, 우리 모두 함께 워크북 (ebook)",2021
169,"아동,청소년",초등(고),교육 · 학교,웰컴 투 디지털 월드 2,2021
170,"아동,청소년",초등(고),교육 · 학교,탈출! 온라인 그루밍!,2021
171,"아동,청소년",초등(고),교육 · 학교,"함께 하는 생활 - 나답게, 너와 같이, 우리 모두 함께 학습지도안",2021
172,"아동,청소년",초등(고),교육 · 학교,"함께 하는 생활 - 나답게, 너와 같이, 우리 모두 함께 워크북",2021
173,"아동,청소년",초등(고),교육 · 학교,"함께 하는 생활 - 나답게, 너와 같이, 우리 모두 함께 워크북 (ebook)",2021
174,"아동,청소년",중학교,교육 · 학교,스쿨톡!,2021
175,"아동,청소년",중학교,교육 · 학교,온라인 그루밍 실험실,2021
176,"아동,청소년",중학교,교육 · 학교,"함께 하는 생활 - 나답게, 너와 같이, 우리 모두 함께 학습지도안",2021
177,"아동,청소년",중학교,교육 · 학교,"함께 하는 생활 - 나답게, 너와 같이, 우리 모두 함께 워크북",2021
178,"아동,청소년",중학교,교육 · 학교,"함께 하는 생활 - 나답게, 너와 같이, 우리 모두 함께 워크북 (ebook)",2021
179,"아동,청소년",고등학교,교육 · 학교,젠더프리,2021
180,"아동,청소년",고등학교,교육 · 학교,온라인 그루밍 고민상담소 ,2021
181,"아동,청소년",고등학교,교육 · 학교,"함께 하는 생활 - 나답게, 너와 같이, 우리 모두 함께 학습지도안",2021
182,"아동,청소년",고등학교,교육 · 학교,"함께 하는 생활 - 나답게, 너와 같이, 우리 모두 함께 워크북",2021
183,"아동,청소년",고등학교,교육 · 학교,"함께 하는 생활 - 나답게, 너와 같이, 우리 모두 함께 워크북 (ebook)",2021
184,직무현장,공공기관,시민성,2021년 성희롱.성폭력 고충상담원 업무매뉴얼,2021
185,직무 현장,성평등교육 관계자,시민성,국내 N번방 범죄 현황과 사업법 대응 과정의 의미와 한계에 관한 연구물_한국어,2021
186,직무 현장,성평등교육 관계자,시민성,한국 성소수자 인권 운동 역사와 한국 사회_한국어,2021
187,직무 현장,성평등교육 관계자,시민성,국내 다문화인구 사업 성주류화 실태 및 젠더 관점의 개입 가능성 모색에 관한 연구물_한국어,2021
188,직무 현장,성평등교육 관계자,미디어,신중한 대화: 여성폭력 담론을 위한 미디어 활용 핸드북_한국어,2021
189,직무 현장,캄보디아 성평등교육 및 미디어 관계자,미디어,신중한 대화: 여성폭력 담론을 위한 미디어 활용 핸드북_크메르어,2021
190,직무 현장,태국 성평등교육 및 미디어 관계자,미디어,신중한 대화: 여성폭력 담론을 위한 미디어 활용 핸드북_태국어,2021
191,직무 현장,베트남 성평등교육 및 미디어 관계자,미디어,신중한 대화: 여성폭력 담론을 위한 미디어 활용 핸드북_베트남,2021
192,직무 현장,성평등교육 관계자,시민성,한국 여성운동사 미니자료집_한국어,2021
193,직무 현장,성평등교육 관계자,국외교육,2021 AGenT Basic 자료집_영어,2021
194,직무 현장,성평등교육 관계자,국외교육,2021 AGenT Advanced 자료집_영어,2021
195,직무 현장,성평등교육 관계자,시민성,2021 국제심포지엄 자료집_페미니스트 관점으로 본 코로나 시대 디지털 교육의 방향_한영,2021
196,직무 현장,베트남여성아카데미 교수진,국외교육,2021 베트남 젠더역량강화 전문가 워크숍 자료집_베트남어,2021
197,직무 현장,캄보디아 여성부 공무원,국외교육,2021 캄보디아 양성평등 정책과정 워크숍 자료집_크메르어,2021
198,직무 현장,성평등교육 관계자,시민성,아시아 맞춤형 콘텐츠 개발 자료집_젠더와 장애_한국어,2021
199,직무 현장,성평등교육 관계자,시민성,강의 현장에서 부딛히는 젠더에 대한 7가지 오해 자료집_한국어,2021
200,직무 현장,성평등교육 관계자,시민성,강의 현장에서 부딛히는 젠더에 대한 7가지 오해 자료집_영어,2021
201,직무 현장,성평등교육 관계자,시민성,강의 현장에서 부딛히는 젠더에 대한 7가지 오해_한국어(영어자막),2021
202,직무 현장,성평등교육 관계자,시민성,AGenT 심화과정 온라인스터디투어 영상 콘텐츠' 선미촌을 걷다'_영어,2021
203,직무현장,민간기업,가족친밀성,아이가 태어났다 당신의 선택은,2022
204,아동청소년,대학생,시민성,[청년대상] 안전한 학교 만들기,2022
205,아동청소년,대학생,시민성,[청년대상] 친구를 지켜라,2022
206,아동청소년,초등,시민성,우리가 꿈꾸는 성평등 [육사토론대회 수상자 협업],2022
207,아동청소년,대학생,시민성,우리 무슨 사이야 [제6회 성평등콘텐츠대상 아이디어 공모전 수상작 활용],2022
208,아동청소년,초등,자아정체성,당신이 만날 세상 [제6회 성평등콘텐츠대상 아이디어 공모전 수상작 활용],2022
209,아동청소년,고등학교,자아정체성,평범한 V-LOG [제6회 성평등콘텐츠대상 아이디어 공모전 수상작 활용],2022
210,아동청소년,대학생,시민성,우리 공동체 성폭력 문제 발생 후 대처하는 슬기로운 자세 [제6회 성평등콘텐츠대상 아이디어 공모전 수상작 활용],2022
211,아동청소년,대학생,시민성,편견을 부숴 평등을 만들다 [제6회 성평등콘텐츠대상 아이디어 공모전 수상작 활용],2022
212,아동청소년,대학생,성건강,더 나은 세상을 위해 이야기되어야 할 것들 [제6회 성평등콘텐츠대상 아이디어 공모전 수상작 활용],2022
213,아동청소년,대학생,시민성,말에는 힘이 있다 [제6회 성평등콘텐츠대상 아이디어 공모전 수상작 활용],2022
214,아동청소년,중학교,가족친밀성,세상을 바꾸는 힘 [제6회 성평등콘텐츠대상 아이디어 공모전 수상작 활용],2022
215,아동청소년,중학교,자아정체성,젠더프리 우리가 원하는 세상 [제6회 성평등콘텐츠대상 아이디어 공모전 수상작 활용],2022
216,직무현장,보건복지,노동경제,우리들의 평등한 업무일지: 평등한 일터를 위한 토크쇼 '간호사 이야기',2022
217,직무현장,민간기업,노동경제,우리들의 평등한 업무일지: 평등한 일터를 위한 토크쇼 '게임 디자이너 이야기',2022
218,직무현장,보건복지,노동경제,우리들의 평등한 업무일지: 평등한 일터를 위한 토크쇼 '의사 이야기',2022
219,직무현장,민간기업,노동경제,우리들의 평등한 업무일지: 평등한 일터를 위한 토크쇼 '창업인 이야기',2022
220,직무현장,민간기업,노동경제,우리들의 평등한 업무일지: 평등한 일터를 위한 토크쇼 '건설업계 이야기',2022
221,직무현장,보건복지,노동경제,우리들의 평등한 업무일지: 평등한 일터를 위한 토크쇼 '가사노동 이야기',2022
222,직무현장,경찰군인,노동경제,우리들의 평등한 업무일지: 평등한 일터를 위한 토크쇼 '경찰 이야기',2022
223,직무현장,민간기업,노동경제,우리들의 평등한 업무일지: 평등한 일터를 위한 토크쇼 '플로리스트 이야기',2022
224,직무현장,과학기술,노동경제,우리들의 평등한 업무일지: 평등한 일터를 위한 토크쇼 '과학기술 이야기',2022
225,직무현장,보건복지,노동경제,우리들의 평등한 업무일지: 평등한 일터를 위한 토크쇼 '요양보호사 이야기',2022
226,직무현장,과학기술,자아정체성,"[연구실의 평등#1] 뉴 스페이스(New Space) 시대, 우주와 나 - 임석희(한국항공우주연구원 책임연구원)",2022
227,직무현장,과학기술,자아정체성,"[연구실의 평등#2] 뉴 스페이스(New Space) 시대, 우주와 나 - 임석희(한국항공우주연구원 책임연구원)",2022
228,직무현장,민간기업,노동경제,[조직도의 평등#1] ESG를 말할 때 생각해야 할 의미와 성평등 - 김유니스(삼성바이오로직스 사외이사),2022
229,직무현장,민간기업,노동경제,[조직도의 평등#2] ESG를 말할 때 생각해야 할 의미와 성평등 - 김유니스(삼성바이오로직스 사외이사),2022
230,직무현장,양육자,가족친밀성,[가정에서의 평등] 함께하는 가정 - 김한별(KBS 아나운서),2022
231,아동청소년,대학생,미디어,이달의 젠더뷰: 메타버스 내 성범죄,2022
232,직무현장,민간기업,노동경제,이달의 젠더뷰: 여성경제활동법 개정 시행 의미,2022
233,아동청소년,대학생,미디어,이달의 젠더뷰: 사이버지옥 N번방을 무너뜨려라,2022
234,직무현장,방송언론,미디어,이달의 젠더뷰: 뉴스 속 달라진 젠더표현,2022
235,직무현장,경찰군인,노동경제,"이달의 젠더뷰: 여성, 경찰하는 마음",2022
236,아동청소년,대학생,시민성,"이달의 젠더뷰: 이란 히잡 시위, 국제 사회의 움직임",2022
237,아동청소년,대학생,시민성,청년의 정치참여와 정치교육,2022
238,아동청소년,대학생,미디어,[웹툰 영상화] 혼자가 아니야 1부,2022
239,아동청소년,대학생,미디어,[웹툰 영상화] 혼자가 아니야 2부,2022
240,아동청소년,대학생,시민성,STAND UP: 길거리 괴롭힘에 개입하는 법 - 김양지영,2022
241,아동청소년,대학생,시민성,잠재적 편견 알아차리기 - 이상화,2022
242,아동청소년,대학생,노동경제,[이아리작가x양평원 웹툰#1] 오늘도 구직중,2022
243,아동청소년,대학생,노동경제,[이아리작가x양평원 웹툰#2] 오늘도 구직중,2022
244,아동청소년,대학생,미디어,[이아리작가x양평원 웹툰#3] 혼자가 아니야,2022
245,아동청소년,대학생,미디어,[이아리작가x양평원 웹툰#4] 혼자가 아니야,2022
246,아동청소년,대학생,미디어,[이아리작가x양평원 웹툰#5] 혼자가 아니야,2022
247,직무현장,민간기업,가족친밀성,일하는 모두가 누리는 '육아 휴직',2022
248,직무현장,민간기업,가족친밀성,2022년 강화되는 아동 돌봄 서비스,2022
249,아동청소년,대학생,가족친밀성,[글로벌 성평등 이슈] 부성주의: 당신의 성은 어디에서 왔나요,2022
250,아동청소년,대학생,시민성,[글로벌 성평등 이슈] 성 중립 언어: 'Manpower'만 있는 건 아니에요.,2022
251,아동청소년,대학생,노동경제,[글로벌 성평등 이슈] 구투운동: 일하는데 하이힐 착용 규정이 필요한가요,2022
252,직무현장,양육자,가족친밀성,셰어런팅에서 잊힐 권리로,2022
253,아동청소년,대학생,시민성,"성범죄 양형기준, 알고 계신가요",2022
254,직무현장,민간기업,노동경제,성별임금격차,2022
255,아동청소년,대학생,시민성,스토킹범죄와 스토킹처벌법,2022
256,아동청소년,대학생,미디어,디지털 미디어 리터러시,2022
257,아동청소년,대학생,자아정체성,[해외콘텐츠] 건강하지 않은 관계를 끝내는 방법,2022
258,아동청소년,대학생,시민성,"[양성평등 입문 콘텐츠] 성평등, 지속가능한 내일을 위한 세계의 약속",2022
259,아동청소년,대학생,시민성,"[양성평등 입문 콘텐츠] 양성평등 사회, 모두를 위한 변화",2022
260,직무현장,과학기술,노동경제,[글로벌 인터뷰#1] 과학기술분야에서의 여성의 참여 - 바르바라 데 미셀리,2022
261,직무현장,과학기술,노동경제,[글로벌 인터뷰#2] 과학기술분야에서의 여성의 참여 - 우르줄라 스타체비츠,2022
262,직무현장,공공기관 고위직,시민성,고위직 대상 성매매 예방교육 강의안,2022
263,직무현장,공공기관 고위직,시민성,고위직 대상 가정폭력 예방교육 강의안,2022
264,직무현장,신규 임용자,시민성,안전한 공직생활 시작하기 Ⅰ,2022
265,직무현장,신규 임용자,시민성,안전한 공직생활 시작하기 Ⅱ,2022
266,직무현장,업무담당자,시민성,업무 담당자를 위한 폭력예방교육 기획운영 매뉴얼(교재),2022
267,직무현장,업무담당자,시민성,업무 담당자를 위한 폭력예방교육 기획운영 매뉴얼 1(영상),2022
268,직무현장,업무담당자,시민성,업무 담당자를 위한 폭력예방교육 기획운영 매뉴얼 2(영상),2022
269,아동청소년,중학생,"교육학교, 시민성, 미디어",오늘도 로그인했습니다 1부,2022
270,아동청소년,중학생,"교육학교, 시민성, 미디어",오늘도 로그인했습니다 2부,2022
271,아동청소년,고등학생,"교육학교, 시민성, 미디어",스쿨톡 : 사이버 성적 괴롭힘 편,2022
272,아동청소년,고등학생,"교육학교, 시민성, 미디어",스쿨톡 : 사이버 스토킹 편,2022
273,아동청소년,중학생,"교육학교, 시민성, 미디어",상담소 LOG-IN,2022
274,아동청소년,중학생,"교육학교, 시민성, 미디어","IF, 만약 당신이라면",2022
275,아동청소년,고등학생,"교육학교, 시민성, 미디어",유퀴즈 온 더 보드,2022
276,아동청소년,고등학생,"교육학교, 시민성, 미디어",안전한 디지털 세상 같이&가치,2022
277,아동청소년,초등(공통),"교육학교, 시민성, 미디어",디클 완전 정복 : 40분으로 몰아보기,2022
278,아동청소년,초등(저),"교육학교, 시민성, 미디어",신비금비와 수상한 비밀 채팅방,2022
279,아동청소년,초등(저),"교육학교, 시민성, 미디어",D-시티에서 생긴 일,2022
280,아동청소년,초등(고),"교육학교, 시민성, 미디어",레벨업 퀴즈쇼! 디지털 일상 속 함정을 찾아라,2022
281,아동청소년,대학생,"교육학교, 시민성, 미디어",찍고 올리고 ↔ 찍히고 퍼트려진,2022
282,아동청소년,대학생,"교육학교, 시민성, 미디어",코멘터리 쎄이다 : 우리 모두의 일,2022
283,아동청소년,양육자,"교육학교, 시민성, 미디어","알디? 알디! - 알고싶다. 디지털, 알아야한다. 디지털성범죄!",2022
284,아동청소년,교사,"교육학교, 시민성, 미디어",티처들의 빅픽처 - 디지털 성범죄를 예방하다,2022
285,아동청소년,초중고등학생,"교육학교, 시민성, 미디어",디지털성범죄 예방교육 콘텐츠 가이드라인 - 초중고(아동·청소년),2022
286,아동청소년,교사양육자,"교육학교, 시민성, 미디어",디지털성범죄 예방교육 콘텐츠 가이드라인 - 교사·양육자,2022
287,아동청소년,대학생,가족친밀성,통계로 알아보는 친밀한 관계에서의 폭력,2022
288,유아,유아,자아정체성,역할놀이를 통한 상상력 키우기-너는 어떤 놀이를 좋아하니,2022
289,초등(저),초등(저),자아정체성,텔레비전에 내가 나왔으면 정말 좋겠네,2022
290,초등(고),초등(고),자아정체성,초등 온작품읽기 수업꾸러미 동기유발 영상 -『5번 레인』함께 읽기,2022
291,초등(고),초등(고),자아정체성,초등 온작품읽기 수업꾸러미 수업안내서 -『5번 레인』함께 읽기,2022
292,유아,유아,시민성,놀이를 통해 배우는 공동체 규칙,2022
293,초등(저),초등(저),시민성,초등 온작품읽기 수업꾸러미 동기유발 영상 -『쿵푸 아니고 똥푸 - 라면 한 줄』함께 읽기,2022
294,초등(저),초등(저),시민성,초등 온작품읽기 수업꾸러미 수업안내서 -『쿵푸 아니고 똥푸 - 라면 한 줄』함께 읽기,2022
295,초등(고),초등(고),시민성,모두를 위한 다양성,2022
296,초등(저),초등(저),교육학교,민주시민교육을 위한 성평등 교육 수업자료 활용가이드-민주시민교육×성평등 교육(초등 저학년용),2022
297,초등(고),초등(고),교육학교,민주시민교육을 위한 성평등 교육 수업자료 활용가이드-민주시민교육×성평등 교육(초등 고학년용),2022
298,초등(고),초등(고),교육학교,「축구를 시작한 너에게」영상 활용 수업안내서,2022
299,초등(공통),초등(공통),교육학교,초등 교사를 위한 성평등 교육 가이드 -성평등 미디어 리터러시 교육 A to Z,2022
300,초등(공통),초등(공통),교육학교,성평등 교육을 위한 초등 온작품읽기 추천도서 목록,2022
301,초등(저),초등(저),노동경제,‘미래의 나’에게 보내는 메시지,2022
302,초등(저),초등(저),노동경제,「할머니의 트랙터」함께 읽기,2022
303,초등(고),초등(고),시민성,나만의 멋진 SNS 만들기 ,2022
304,초등(고),초등(고),시민성,SNS 속 고민을 해결해보자 ,2022
305,초등(고),초등(고),시민성,모두의 온라인 대화,2022
306,초등(고),초등(고),시민성,"랜선 친구, 해도 좋은 걸까",2022
307,초등(고),초등(고),시민성,나로 말할 것 같으면 ,2022
308,초등(고),초등(고),시민성,혐오차별 대응: 괴롭힘 멈춰! 게임하기,2022
309,초등(고),초등(고),시민성,민주 시민으로서 갈등 해결하기 ,2022
310,초등(고),초등(고),노동경제,여행용 가방을 채워라!,2022
311,중고등학생,중고등학생,교육학교,평등한 우리 사이 연결하는 이런 대화 어때요,2022
312,중고등학생,중고등학생,시민성,아테네의 민주정치는 민주적이었을까,2022
313,중고등학생,중고등학생,시민성,시민의 손으로 만드는 평등한 민주사회 - 호주제 폐지로 보는 모두를 위한 법으로 나아가기,2022
314,중고등학생,중고등학생,시민성,더 평등한 세상을 위하여 : 민주시민교육과 연계한 사회과 성평등 수업 꿀팁,2022
315,중고등학생,중고등학생,시민성,다정하게 공존하는 삶의 이해 개념 익히기,2022
316,중고등학생,중고등학생,시민성,다정하게 공존하는 삶의 이해 심화 독서활동,2022
317,중고등학생,중고등학생,시민성,성평등하게 미디어 하기 미디어 비평,2022
318,중고등학생,중고등학생,시민성,성평등하게 미디어 하기 나만의 콘텐츠 만들기,2022
319,중고등학생,중고등학생,시민성,중등 교사를 위한 성평등 교육 가이드 -성평등 미디어 리터러시 교육 A to Z,2022
320,중고등학생,중고등학생,자아정체성,매력을 주장하는 글쓰기-진정한 나의 매력을 찾아서,2022
321,중고등학생,중고등학생,자아정체성,매력을 주장하는 글쓰기-우리의 매력을 소개합니다,2022
322,직무 현장,성평등교육 관계자,시민성,청년의 정치참여와 정치교육_국제심포지엄 영상_한영,2022
323,직무 현장,성평등교육 관계자,시민성,공정한 민주적 참여를 위한 시민교육_국제심포지엄 영상_한영,2022
324,직무 현장,성평등교육 관계자,시민성,선거와 여성의 정치참여: 도전과 전망_국제심포지엄 영상_한영,2022
325,직무 현장,성평등교육 관계자,시민성,평등을 위한 기반: 여성의 정치역량강화를 위한 교육_국제심포지엄 영상_한영,2022
326,직무 현장,성평등교육 관계자,시민성,글로벌 양성평등 이슈 (유럽연합)_한국어,2022
327,직무 현장,성평등교육 관계자,시민성,글로벌 양성평등 이슈 (유럽연합)_영어,2022
328,직무 현장,성평등교육 관계자,시민성,글로벌 양성평등 이슈 (캐나다)_한국어,2022
329,직무 현장,성평등교육 관계자,시민성,글로벌 양성평등 이슈 (캐나다)_영어,2022
330,직무현장,공공기관,시민성,2022년 성희롱·성폭력 고충상담원 업무매뉴얼,2022
331,직무현장,공공기관 업무담당자,노동·경제,2022년 폭력예방교육 현장점검 및 컨설팅 사업 안내 리플렛,2022
332,직무현장,공공기관,시민성,2023년 성희롱·성폭력 고충상담원 업무매뉴얼,2023
333,아동청소년,초등(저),"교육학교, 시민성, 미디어",구해줘! 포근포근 디지털 세상 -디지털성범죄로부터 안전한 SNS 이용법 (게임),2023
334,아동청소년,초등(저),"교육학교, 시민성, 미디어",미션! 디클빌 모험-디지털성범죄 알아차리기 (게임),2023
335,아동청소년,초등(고),"교육학교, 시민성, 미디어",쉬는 시간 10분 동안에 일어난 일- 동의가 필요해 (영상),2023
336,아동청소년,초등(고),"교육학교, 시민성, 미디어",인싸가 되고 싶어! - 친구 사진을 합성했더니… (영상),2023
337,아동청소년,중학생,"교육학교, 시민성, 미디어",이야기로 듣는 온라인 그루밍 (영상),2023
338,아동청소년,중학생,"교육학교, 시민성, 미디어",N개의 노력 ? 안전한 디지털 세계를 연결하다  (영상),2023
339,아동청소년,고등학생,"교육학교, 시민성, 미디어",‘네컷사진’도 동의가 필요하다고? (1편)- 5분 토론 (영상),2023
340,아동청소년,고등학생,"교육학교, 시민성, 미디어",‘네컷사진’도 동의가 필요하다고? (2편)- 3분 강의 (영상),2023
341,아동청소년,고등학생,"교육학교, 시민성, 미디어","디지털 성착취, 우리는 OO합니다 (영상)",2023
342,아동청소년,중고등학생,"교육학교, 시민성, 미디어",J를 위하여-2차 피해 예방을 위한 주변인의 역할(게임),2023
343,아동청소년,중고등학생,"교육학교, 시민성, 미디어",EP1. 방학 시작! 상담 시작! | 디지털성범죄 피해지원(영상),2023
344,아동청소년,중고등학생,"교육학교, 시민성, 미디어",EP2. 불법영상물을 삭제할 수 있다고? | 피해물 삭제지원(영상),2023
345,아동청소년,중고등학생,"교육학교, 시민성, 미디어",EP3. 인생 첫 경찰서 방문기 | 수사 연계지원(영상),2023
346,아동청소년,교사양육자,"교육학교, 시민성, 미디어",[XR특집] 디지털 성범죄 대응 토크쇼  -양육자들- (영상),2023
347,아동청소년,교사양육자,"교육학교, 시민성, 미디어",디지털시대! 교사들을 위한 정보 <알고 대처하는 디지털성범죄> (영상),2023
348,아동청소년,교사양육자,"교육학교, 시민성, 미디어",디지털 성범죄 예방교육 콘텐츠 활용 안내서 ver. 발달장애 및 느린학습자 아동·청소년 양육자,2023
349,직무현장,수사기관 종사자,시민성,토킹 어바웃 스토킹 1차시 (수사기관 대상 스토킹범죄 2차피해 예방) (영상),2023
350,직무현장,수사기관 종사자,시민성,토킹 어바웃 스토킹 2차시 (수사기관 대상 스토킹범죄 2차피해 예방) (영상),2023
351,직무현장,수사기관 종사자,시민성,토킹 어바웃 스토킹 교보재,2023
352,직무현장,공공기관,시민성,"조직원을 위한 2차 피해 예방교육: 주변인 개입, 2차 피해 예방 ON 1차시 (영상)",2023
353,직무현장,공공기관,시민성,"조직원을 위한 2차 피해 예방교육: 주변인 개입, 2차 피해 예방 ON 2차시 (영상)",2023
354,직무현장,공공기관,가족 · 친밀성,가정폭력 예방교육 1차시 (애니메이션) (영상)_*제목 변경 예정 (조직역량교육부 김신영),2023
355,직무현장,공공기관,가족 · 친밀성,가정폭력 예방교육 2차시 (다큐) 영상)_*제목 변경 예정 (조직역량교육부 김신영),2023
356,직무현장,공공기관,성인지교육,"청소년지도사 대상 성인지교육 콘텐츠 기본편, 심화편",2023
357,직무현장,공공기관,성인지교육,"청소년상담사 대상 성인지교육 콘텐츠 기본편, 심화편",2023
358,직무현장,공공기관,성인지교육,한국어교원 대상 성인지교육 콘텐츠,2023
359,직무 현장,민간기업,노동·경제,네 마음이 들려서,2023
360,아동청소년,대학생,시민성,성차별 탈출 토크쇼 : 당근을 흔들어 주세요,2023
361,아동청소년,대학생,시민성,내가 바라는 양성평등한 사회,2023
362,아동청소년,대학생,시민성,슬기로운 나의 생활,2023
363,아동청소년,대학생,시민성,그건 사랑이 아니야,2023
364,아동청소년,대학생,시민성,착취도 인신매매,2023
365,직무 현장,과학기술,시민성,과학기술의 양성평등적 가치,2023
366,직무 현장,공공기관,노동·경제,성별대표성 : 평등의 무게를 나눠 들다,2023
367,직무 현장,민간기업,노동·경제,"직업, 성별을 넘다",2023
368,양육자,양육자,노동·경제,노벨 경제학상의 의미,2023
369,직무 현장,민간기업,노동·경제,지금의 DEI,2023
370,아동청소년,대학생,시민성,변화와 위기 사이,2023
371,직무 현장,과학기술,노동·경제,여성의 정보통신기술(ICT) 분야 참여 확대,2023
372,양육자,양육자,가족·친밀성,노인과 돌봄: 조부모의 양육,2023
373,양육자,양육자,가족·친밀성,노인과 돌봄: 노인을 돌보는 여성들,2023
374,직무 현장,문화예술체육,시민성,"[문화, 젠더하다] 그녀들의 이야기, 그 감독의 이야기: 영화 ‘허스토리’",2023
375,양육자,양육자,가족·친밀성,"[문화, 젠더하다] 엄마들이 모여서 책을 만든 이유: 책 ‘우리 같이 볼래요’",2023
376,직무 현장,민간기업,시민성,"[문화, 젠더하다] 명함없이 진짜 ‘일’을 한 이유: 책 ‘우리가 명함이 없지 일을 안 했냐’",2023
377,아동청소년,대학생,시민성,"[문화, 젠더하다] 여성 국극의 서사 현재 우리의 서사: 웹툰 ‘정년이’",2023
378,양육자,양육자,가족·친밀성,"[문화, 젠더하다] 세 아빠들의 육아 이야기",2023
379,직무 현장,민간기업,노동·경제,우리들의 소리: 항해사 이야기,2023
380,직무 현장,민간기업,노동·경제,우리들의 소리: 콜센터 이야기,2023
381,직무 현장,민간기업,노동·경제,우리들의 소리: 정비사 이야기,2023
382,양육자,양육자,노동·경제,우리들의 소리: 유치원 선생님 이야기,2023
383,직무 현장,민간기업,노동·경제,우리들의 소리: 안전매니저 이야기,2023
384,직무 현장,민간기업,노동·경제,[젠더N이슈] 「남녀고용평등법」 적용사례,2023
385,직무 현장,과학기술,시민성,[젠더N이슈] 과학기술의 젠더 편향,2023
386,직무 현장,민간기업,자아정체성,[알아두면 유용한 젠더 지식] 성별 다양성이 갖는 이로움,2023
387,직무 현장,민간기업,노동·경제,[알아두면 유용한 젠더 지식] 양성평등 조직문화와 앨라이십,2023
388,아동청소년,대학생,시민성,[광복절 특별 인터뷰] 그녀들과의 대화,2023
389,아동청소년,대학생,시민성,함께하는 체육의 날,2023
390,아동청소년,대학생,시민성,보이지 않는 폭력,2023
391,아동청소년,대학생,시민성,[여성의 날 특집] 책으로 연결되는 우리,2023
392,아동청소년,대학생,시민성,[장애인의 날 특집] 유니버설 디자인의 시대,2023
393,아동청소년,대학생,시민성,[과학의 날 특집] 디지털 리터러시를 기르려면?,2023
394,양육자,양육자,가족·친밀성,[수신지작가x양평원 웹툰] 합리적인 선택 1,2023
395,양육자,양육자,가족·친밀성,[수신지작가x양평원 웹툰] 합리적인 선택 2,2023
396,아동청소년,대학생,시민성,이달의 젠더뷰: 섭식장애를 대하는 우리의 자세 - 박지니 작가 편,2023
397,직무 현장,문화예술체육,미디어,이달의 젠더뷰: K-콘텐츠 속 여성의 존재감 - 황진미 평론가 편,2023
398,직무 현장,과학기술,미디어,이달의 젠더뷰: AI에게 양성평등을 묻다 - 챗GPT 편,2023
399,양육자,양육자,노동·경제,이달의 젠더뷰: 생애주기별 가사노동 경험 - 윤자영 교수 편,2023
400,직무 현장,문화예술체육,미디어,이달의 젠더뷰: AI 악용의 윤리적 심각성 - 이상욱 교수 편,2023
401,직무 현장,문화예술체육,미디어,이달의 젠더뷰: 벡델데이가 켜는 미래 - 민용근 감독 편,2023
402,아동청소년,대학생,가족·친밀성,이달의 젠더뷰: 한국 사회의 저출생 - 송다영 교수 편,2023
403,아동청소년,대학생,시민성,이달의 젠더뷰: 현재의 성폭력처벌법 - 공정식 교수 편,2023
404,아동청소년,대학생,시민성,이달의 젠더뷰: 농촌의 양성평등 - 이순미 박사 편,2023
405,아동청소년,대학생,시민성,"이달의 젠더뷰: 범죄의 사각지대, 노인 대상 성범죄 - 이성기 교수 편",2023
406,아동청소년,대학생,시민성,[글로벌 인터뷰] Catherine Raper 주한 호주 대사,2023
407,아동청소년,대학생,시민성,[글로벌 인터뷰] Michelle Winthrop 주한 아일랜드 대사,2023
408,아동청소년,청소년,시민성,온라인 성 착취 범죄로부터 자신을 지키는 방법(amaze 국문화),2023
409,직무 현장,민간기업,시민성,성희롱·성폭력 고충상담원 Q&A,2023
410,아동청소년,청소년,미디어,요즘 우리 드라마는?: 미디어 속 양성평등을 위한 다양한 노력들,2023
411,아동청소년,대학생,시민성,"원하지 않는 관심, 사랑일까요?",2023
412,아동청소년,청소년,미디어,미디어가 가져온 10대들의 프로아나,2023
413,아동청소년,청소년,시민성,성별 고정관념에서 벗어나기,2023
414,아동청소년,대학생,시민성,일상이라는 드라마(제7회 양성평등 콘텐츠 대국민 아이디어 공모전 수상작 활용),2023
415,아동청소년,대학생,가족·친밀성,"아침, 점심, 저녁(제7회 양성평등 콘텐츠 대국민 아이디어 공모전 수상작 활용)",2023
416,아동청소년,아동,시민성,[ ]는 무엇이든 될 수 있다(제7회 양성평등 콘텐츠 대국민 아이디어 공모전 수상작 활용),2023
417,양육자,양육자,가족·친밀성,환승육아(제7회 양성평등 콘텐츠 대국민 아이디어 공모전 수상작 활용),2023
418,아동청소년,대학생,시민성,틀린 그림 찾기(제7회 양성평등 콘텐츠 대국민 아이디어 공모전 수상작 활용),2023
419,성인,성인,"성역할, 글로벌, 법제도",2023 국제심포지엄_사례에 기반한 양성평등 교육,2023
420,성인,성인,"성역할, 글로벌, 법제도",2023 국제심포지엄_양성평등과 남성의 참여,2023
421,성인,성인,"성역할, 글로벌, 법제도",2023 국제심포지엄_즉흥드라마를 이용한 의식변화와 문제해결,2023
422,성인,성인,"성역할, 글로벌, 법제도","2023 국제심포지엄_일터에서의 성공적엔 젠더, 다양성",2023
423,성인,성인,"성역할, 글로벌, 법제도",2023 국제심포지엄_한국 양성평등교육의 현황과 발전방향,2023
424,"전문강사, 교사","전문강사, 교사 등 성평등교육 관계자",교육 · 학교,2023년 아동?청소년 양성평등교육 콘텐츠 활용 안내서,2023
